"","Player","Team","Position","GS","MIN","PPG","RPG","APG","FGM","FGA","FG.","X3PM","X3PA","Year"
"1","Clint Capela","ATL","C",74,27.6,11.1,11.9,1.2,5,7.8,61.3,0,0,"2021-22"
"2","John Collins","ATL","PF",54,30.8,16.2,7.8,1.8,6,11,52.6,1.2,3.3,"2021-22"
"3","Trae Young","ATL","PG",76,34.9,28.4,3.7,9.7,9.1,20.3,46,2.9,8,"2021-22"
"4","De'Andre Hunter","ATL","SF",53,29.8,13.4,3.3,1.3,5,11,44.2,1.5,4.2,"2021-22"
"5","Bogdan Bogdanović","ATL","SG",27,29.7,15.1,4,3.1,5.5,12.8,43.1,2.7,7.4,"2021-22"
"6","Robert Williams III","BOS","C",61,29.6,10,9.6,2,4.3,5.1,73.6,0,0,"2021-22"
"7","Al Horford","BOS","PF",69,29.1,10.2,7.7,3.4,3.8,8.4,46.7,1.3,4.2,"2021-22"
"8","Marcus Smart","BOS","PG",71,32.3,12.1,3.8,5.9,4.1,10.6,41.8,1.7,5.5,"2021-22"
"9","Jayson Tatum","BOS","SF",76,35.9,26.9,8,4.4,9.1,20.6,45.3,3,8.6,"2021-22"
"10","Jaylen Brown","BOS","SG",66,33.6,23.6,6.1,3.5,8.7,18.4,47.3,2.5,7,"2021-22"
"11","Nic Claxton","BKN","C",19,20.7,8.7,5.6,0.9,3.5,5.4,67.4,0,0,"2021-22"
"12","Blake Griffin","BKN","PF",24,17.1,6.4,4.1,1.9,2.3,6,38.3,0.8,2.6,"2021-22"
"13","Kyrie Irving","BKN","PG",29,37.6,27.4,4.4,5.8,10.1,20.8,47,3.4,8.2,"2021-22"
"14","Kevin Durant","BKN","SF",55,37.2,29.9,7.4,6.4,10.6,20.3,52,2.1,5.5,"2021-22"
"15","James Harden","BKN","SG",44,37,22.5,8,10.2,7,16.7,41.4,2.3,7,"2021-22"
"16","Mason Plumlee","CHA","C",73,24.6,6.5,7.7,3.1,2.7,4.5,64.1,0,0,"2021-22"
"17","Miles Bridges","CHA","SF",80,35.5,20.2,7,3.8,7.5,15.5,49.1,1.9,5.7,"2021-22"
"18","LaMelo Ball","CHA","PG",75,32.3,20.1,6.7,7.6,7,15.6,42.9,2.9,7.5,"2021-22"
"19","Gordon Hayward","CHA","SF",49,31.9,15.9,4.6,3.6,5.8,12,45.9,1.8,4.7,"2021-22"
"20","Terry Rozier","CHA","SG",73,33.7,19.3,4.3,4.5,7,15.5,44.4,3,8,"2021-22"
"21","Nikola Vučević","CHI","C",73,33.1,17.6,11,3.2,7.3,15.8,47.3,1.5,4.5,"2021-22"
"22","Patrick Williams","CHI","PF",17,24.8,9,4.1,0.9,3.4,7,52.9,0.9,2,"2021-22"
"23","Lonzo Ball","CHI","PG",35,34.6,13,5.4,5.1,4.6,11.4,42.3,3.1,7.4,"2021-22"
"24","DeMar DeRozan","CHI","SF",76,36.1,27.9,5.2,4.9,10.2,20.2,50.4,0.7,1.9,"2021-22"
"25","Zach LaVine","CHI","SG",67,34.7,24.4,4.6,4.5,8.5,17.7,47.6,2.8,7.1,"2021-22"
"26","Jarrett Allen","CLE","C",56,32.3,16.1,10.8,1.6,6.5,9.6,67.7,0,0.1,"2021-22"
"27","Evan Mobley","CLE","PF",69,33.8,15,8.3,2.5,6.2,12,50.8,0.3,1.3,"2021-22"
"28","Darius Garland","CLE","PG",68,35.7,21.7,3.3,8.6,7.5,16.2,46.2,2.9,7.6,"2021-22"
"29","Isaac Okoro","CLE","SG",61,29.6,8.8,3,1.8,3.2,6.5,48,0.9,2.5,"2021-22"
"30","Collin Sexton","CLE","SG",11,28.7,16,3.3,2.1,6,13,45,0.9,3.3,"2021-22"
"31","Dwight Powell","DAL","C",71,21.9,8.7,4.9,1.2,3.2,4.8,67.1,0,0.1,"2021-22"
"32","Dorian Finney-Smith","DAL","SF",80,33.1,11,4.7,1.9,3.9,8.5,47.1,2.2,5.4,"2021-22"
"33","Luka Dončić","DAL","PG",65,35.4,28.4,9.1,8.7,10.1,21.6,45.7,3.1,8.8,"2021-22"
"34","Reggie Bullock","DAL","SG",37,28,8.6,3.5,1.2,3,7.5,40.9,2,5.8,"2021-22"
"35","Jalen Brunson","DAL","PG",61,31.9,16.3,3.9,4.8,6.3,12.5,50.2,1.2,3.2,"2021-22"
"36","Nikola Jokić","DEN","C",74,33.5,27.1,13.8,7.9,10.6,17.7,58.3,1.3,3.9,"2021-22"
"37","Aaron Gordon","DEN","PF",75,31.7,15,5.9,2.5,5.7,10.5,52,1.2,3.5,"2021-22"
"38","Monte Morris","DEN","PG",74,29.9,12.6,3,4.4,4.8,10.1,48.4,1.7,4.2,"2021-22"
"39","Michael Porter Jr.","DEN","SF",9,29.4,9.9,6.6,1.9,3.6,9.3,35.9,1.1,4.4,"2021-22"
"40","Will Barton","DEN","SG",71,32.1,14.7,4.8,3.9,5.5,13,43.8,2.2,6,"2021-22"
"41","Jalen Duren","DET","C",31,24,8,8.2,1,3.3,5.5,60,0,0,"2021-22"
"42","Isaiah Stewart","DET","PF",31,28.9,11.6,8.1,1.3,4.2,9,46.7,1.3,4.1,"2021-22"
"43","Cade Cunningham","DET","PG",12,33.3,19.9,6.2,6,7.5,18.1,41.5,1.4,5.1,"2021-22"
"44","Saddiq Bey","DET","SF",31,30.9,14.3,4.4,1.6,4.9,12,40.8,1.8,5.8,"2021-22"
"45","Killian Hayes","DET","PG",31,26.8,9.1,2.8,5.3,3.4,9.1,37.4,1.1,3.8,"2021-22"
"46","Kevon Looney","GSW","C",80,21.1,6,7.3,2,2.5,4,63,0,0,"2021-22"
"47","Draymond Green","GSW","PF",46,28.9,7.5,7.3,7,2.8,5.3,52.5,0.4,1.3,"2021-22"
"48","Stephen Curry","GSW","PG",64,34.5,25.5,5.2,6.3,8.4,19.2,43.7,4.5,11.7,"2021-22"
"49","Andrew Wiggins","GSW","SF",73,31.9,17.2,4.5,2.2,6.5,14,46.6,2.2,5.2,"2021-22"
"50","Klay Thompson","GSW","SG",32,29.4,20.4,3.9,2.8,7.5,17.6,42.9,3.6,9.3,"2021-22"
"51","Alperen Şengün","HOU","C",72,28.9,14.8,9,3.9,6,10.2,55.3,0.3,1,"2021-22"
"52","Jabari Smith Jr.","HOU","PF",79,31,12.8,7.2,1.3,4.8,11.6,40.8,1.6,5.3,"2021-22"
"53","Kevin Porter Jr.","HOU","PG",59,34.3,19.2,5.3,5.7,6.9,15.3,44.2,2.3,6.4,"2021-22"
"54","Eric Gordon","HOU","SG",47,30.2,13.1,2.1,2.9,4.5,10.5,42.7,1.8,5.3,"2021-22"
"55","Jalen Green","HOU","SG",76,34.2,22.1,3.7,3.7,7.7,18.3,41.6,2.5,7.3,"2021-22"
"56","Myles Turner","IND","C",42,29.4,12.9,7.1,1,4.7,9.7,50.9,1.5,4.4,"2021-22"
"57","Jalen Smith","IND","PF",22,24.7,13.4,7.6,1,5,10,50.2,1.4,3.8,"2021-22"
"58","Tyrese Haliburton","IND","PG",26,36.1,17.5,4.3,9.6,6.2,12.1,51,2.2,5.5,"2021-22"
"59","Chris Duarte","IND","SG",39,28,13.1,4.1,2.1,4.8,11,43.2,1.7,4.6,"2021-22"
"60","Buddy Hield","IND","SG",26,35.6,18.2,5.1,4.8,6.7,15.3,43.8,3.6,9.6,"2021-22"
"61","Ivica Zubac","LAC","C",76,24.4,10.3,8.5,1.6,4.1,6.5,62.6,0,0,"2021-22"
"62","Marcus Morris Sr.","LAC","PF",54,29.9,15.4,4.4,2.1,5.6,12.8,43.4,2.5,6.3,"2021-22"
"63","Reggie Jackson","LAC","PG",75,31.2,16.8,3.6,4.8,6.2,15.3,43.1,2.2,6.8,"2021-22"
"64","Paul George","LAC","SF",31,34.7,24.3,6.9,5.7,8.4,19.7,42.1,3.1,8,"2021-22"
"65","Terance Mann","LAC","SG",33,28.6,10.8,5.2,2.6,4.1,8.4,48,0.9,2.6,"2021-22"
"66","Damian Jones","LAL","C",15,18.2,8.1,4.4,1,3.2,5,64,0,0.1,"2021-22"
"67","Anthony Davis","LAL","PF",40,35.1,23.2,9.9,3.1,8.8,17,53.2,0.3,1.9,"2021-22"
"68","Russell Westbrook","LAL","PG",78,34.3,18.5,7.4,7.1,7.1,15.8,44.4,1,3.4,"2021-22"
"69","LeBron James","LAL","SF",56,37.2,30.3,8.2,6.2,11.4,21.8,52.4,2.9,8,"2021-22"
"70","Malik Beasley","LAL","SG",18,25,12.1,2.9,1.5,4.2,10.5,40,2.9,7.5,"2021-22"
"71","Steven Adams","MEM","C",75,26.3,6.9,10,3.4,2.7,4.5,54.8,0,0.1,"2021-22"
"72","Jaren Jackson Jr.","MEM","PF",78,27.3,16.3,5.8,1.1,5.6,13.2,41.5,1.6,5,"2021-22"
"73","Ja Morant","MEM","PG",57,33.1,27.4,5.7,6.7,10,20.6,49.3,1.5,4.5,"2021-22"
"74","Dillon Brooks","MEM","SG",32,27.7,18.4,3.2,2.8,6.8,16,42.6,1.9,5.5,"2021-22"
"75","Desmond Bane","MEM","SG",76,29.8,18.2,4.4,2.7,6.5,13.5,46.1,3,6.9,"2021-22"
"76","Bam Adebayo","MIA","C",56,32.6,19.1,10.1,3.4,7.3,13,55.7,0,0.1,"2021-22"
"77","P.J. Tucker","MIA","PF",70,27.9,7.6,5.5,2.1,2.8,5.3,48.4,1,2.2,"2021-22"
"78","Kyle Lowry","MIA","PG",63,33.9,13.4,4.5,7.5,4.6,10.7,44,2.3,6.2,"2021-22"
"79","Jimmy Butler","MIA","SF",57,33.9,21.4,5.9,5.5,6.8,13.6,48,0.5,2,"2021-22"
"80","Tyler Herro","MIA","SG",10,32.6,20.7,5,4,7.5,17,44.7,2.7,7,"2021-22"
"81","Brook Lopez","MIL","C",13,22.9,12.4,4.1,0.5,4.6,8.1,46.6,1.2,3.8,"2021-22"
"82","Giannis Antetokounmpo","MIL","PF",67,32.9,29.9,11.6,5.8,10.3,18.6,55.3,1.1,3.6,"2021-22"
"83","Jrue Holiday","MIL","PG",64,32.9,18.3,4.5,6.8,7.1,13.3,50.1,1.9,4.7,"2021-22"
"84","Khris Middleton","MIL","SF",66,32.4,20.1,5.4,5.4,7.1,15.8,44.3,2.5,6.6,"2021-22"
"85","Grayson Allen","MIL","SG",61,27.3,11.1,3.4,1.5,4,8.8,44.8,2.4,5.9,"2021-22"
"86","Karl-Anthony Towns","MIN","C",74,33.5,24.6,9.8,3.6,8.7,16.4,52.9,2,5.4,"2021-22"
"87","Jarred Vanderbilt","MIN","PF",67,25.4,6.9,8.4,1.3,2.9,4.9,59,0,0.2,"2021-22"
"88","D'Angelo Russell","MIN","PG",65,32,18.1,3.3,7.1,6.2,15,41.1,2.7,8,"2021-22"
"89","Jaden McDaniels","MIN","SF",31,25.8,9.2,4.2,1.1,3.6,7.9,46,1.1,3.6,"2021-22"
"90","Anthony Edwards","MIN","SG",72,34.3,21.3,4.8,3.8,7.6,17.3,44.1,3,8.4,"2021-22"
"91","Jonas Valančiūnas","NOP","C",74,30.3,17.8,11.4,2.6,6.5,12,54.4,0.9,2.5,"2021-22"
"92","Herbert Jones","NOP","SF",69,29.9,9.5,3.8,2.1,3.6,7.5,47.6,0.9,2.7,"2021-22"
"93","Devonte' Graham","NOP","PG",63,28.4,11.9,2.3,4.2,3.9,10.5,36.3,2.5,7.4,"2021-22"
"94","Brandon Ingram","NOP","SF",55,34,22.7,5.8,5.6,8,17.3,46.1,1.4,4.3,"2021-22"
"95","Josh Hart","NOP","SG",40,33.5,13.4,7.8,4.1,5,10.2,50.5,1.1,3.6,"2021-22"
"96","Alec Burks","NYK","SG",44,28.6,11.7,4.9,3,4,10,40.4,2,5.5,"2021-22"
"97","Mitchell Robinson","NYK","C",62,25.7,8.5,8.6,0.5,3.5,5,76.1,0,0,"2021-22"
"98","Julius Randle","NYK","PF",72,35.3,20.1,9.9,5.1,7.3,16.5,44.4,1.5,4.6,"2021-22"
"99","Evan Fournier","NYK","SG",80,29.5,14.1,2.6,2.1,5,11.5,41.7,3,7.7,"2021-22"
"100","RJ Barrett","NYK","SF",70,34.5,20,5.8,3,6.7,16,40.8,1.7,5.8,"2021-22"
"101","Aleksej Pokuševski","OKC","PF",12,20.2,7.6,5.2,2.1,2.9,7.1,40.8,0.9,3.1,"2021-22"
"102","Darius Bazley","OKC","PF",53,27.9,10.8,6.3,1.4,4.1,9.7,42.2,1.2,4,"2021-22"
"103","Shai Gilgeous-Alexander","OKC","SG",56,34.7,24.5,5,5.9,8.5,18.8,45.3,1.7,5.6,"2021-22"
"104","Luguentz Dort","OKC","SG",51,32.6,17.2,4.2,1.7,5.8,14.4,40.4,2.5,7.5,"2021-22"
"105","Josh Giddey","OKC","PG",54,31.5,12.5,7.8,6.4,5,11.9,41.9,1.3,4.9,"2021-22"
"106","Mo Bamba","ORL","C",69,25.7,10.6,8.1,1.2,4,8,48,1.5,4,"2021-22"
"107","Wendell Carter Jr.","ORL","PF",61,29.9,15,10.5,2.8,5.8,11.2,52.5,1.1,3.5,"2021-22"
"108","Cole Anthony","ORL","PG",65,31.7,16.3,5.4,5.7,5.6,14,39.1,1.9,6,"2021-22"
"109","Franz Wagner","ORL","SF",79,30.7,15.2,4.5,2.9,5.6,11.5,46.8,1.2,3.4,"2021-22"
"110","Jalen Suggs","ORL","SG",45,27.2,11.8,3.6,4.4,4.2,11.5,36.1,1.3,4.1,"2021-22"
"111","Joel Embiid","PHI","C",68,33.8,30.6,11.7,4.2,10.2,20.4,49.9,1.4,3.8,"2021-22"
"112","Tobias Harris","PHI","PF",72,34.8,17.2,6.8,3.5,6.8,13.8,48.2,1.4,4,"2021-22"
"113","Tyrese Maxey","PHI","PG",74,35.3,17.5,3.2,4.3,6.8,14,48.5,1.8,4.2,"2021-22"
"114","Danny Green","PHI","SF",28,21.8,5.9,2.5,1,2.1,5.4,39.4,1.7,4.6,"2021-22"
"115","Matisse Thybulle","PHI","SG",50,25.5,5.7,2.3,1.1,2.2,4.4,50,0.9,2.4,"2021-22"
"116","Deandre Ayton","PHO","C",58,29.5,17.2,10.2,1.4,7.8,12,63.4,0.1,0.2,"2021-22"
"117","Jae Crowder","PHO","PF",67,28.1,9.4,5.3,1.9,3.2,7.8,39.9,2.1,5.4,"2021-22"
"118","Chris Paul","PHO","PG",65,32.9,14.7,4.4,10.8,5.5,11.3,49.3,1,2.8,"2021-22"
"119","Mikal Bridges","PHO","SF",82,34.8,14.2,4.2,2.3,5.5,9.6,53.4,1.4,3.8,"2021-22"
"120","Devin Booker","PHO","SG",68,34.5,26.8,5,4.8,9.7,20.9,46.6,2.7,7,"2021-22"
"121","Jusuf Nurkić","POR","C",56,28.2,15,11.1,2.8,6.2,11,53.5,0.2,0.6,"2021-22"
"122","Robert Covington","POR","PF",40,29.8,7.6,5.7,1.4,2.7,6.7,40.3,1.9,5.2,"2021-22"
"123","Damian Lillard","POR","PG",29,36.4,24,4.1,7.3,7.5,19.1,40.2,3.2,10,"2021-22"
"124","Norman Powell","POR","SG",39,33.3,18.7,3.3,2.1,6.5,13.3,45.6,2.4,5.9,"2021-22"
"125","Anfernee Simons","POR","SG",30,29.5,17.3,2.6,3.9,6.1,13.6,44.3,3.1,7.8,"2021-22"
"126","Domantas Sabonis","SAC","C",62,34.6,18.9,12.1,5.2,7.5,13,57.7,0.4,1.3,"2021-22"
"127","Davion Mitchell","SAC","PF",75,27.7,11.5,2.2,4.2,4.4,10.5,41.8,1.4,4.5,"2021-22"
"128","De'Aaron Fox","SAC","PG",59,35.3,23.2,3.9,5.6,8.7,18.2,47.3,1.3,3.9,"2021-22"
"129","Harrison Barnes","SAC","SF",77,33.6,16.4,5.6,2.4,5.2,11,47.3,1.9,4.7,"2021-22"
"130","Tyrese Haliburton","SAC","SG",77,34.1,15.3,4,8.2,5.5,11,47.3,2.1,5.1,"2021-22"
"131","Jakob Poeltl","SAS","C",68,29,13.5,9.3,2.8,6,9.8,61.8,0,0,"2021-22"
"132","Doug McDermott","SAS","SF",51,24,11.3,2.3,1.3,4.2,9.1,46.2,2.1,5,"2021-22"
"133","Dejounte Murray","SAS","PG",68,34.8,21.1,8.3,9.2,8.4,18.3,46.2,1.4,4.3,"2021-22"
"134","Keldon Johnson","SAS","SF",75,31.9,17,6.1,2.1,6.3,13.5,46.6,2.1,5.3,"2021-22"
"135","Derrick White","SAS","SG",49,30.3,14.4,3.5,5.6,5,11.6,42.6,1.7,5.3,"2021-22"
"136","Precious Achiuwa","TOR","C",73,23.6,9.1,6.5,1.1,3.4,7.3,44.9,0.9,2.5,"2021-22"
"137","Pascal Siakam","TOR","PF",68,37.9,22.8,8.5,5.3,8.9,18,49.4,1.3,3.7,"2021-22"
"138","Fred VanVleet","TOR","PG",65,37.9,20.3,4.4,6.7,6.8,16.7,40.3,3.7,9.7,"2021-22"
"139","OG Anunoby","TOR","SF",48,36,17.1,5.5,2.6,6.3,14.6,44.3,2.4,6.6,"2021-22"
"140","Gary Trent Jr.","TOR","SG",70,35,18.3,2.7,2,6.5,15.3,41.4,3,7.8,"2021-22"
"141","Rudy Gobert","UTA","C",56,32.1,15.6,14.7,1.1,5.8,8.2,71.3,0,0.1,"2021-22"
"142","Rudy Gay","UTA","PF",55,18.9,8.1,4.4,1,2.8,6.8,41.2,1.3,3.8,"2021-22"
"143","Mike Conley","UTA","PG",72,28.6,13.7,3,5.3,4.8,10.8,44.4,2.2,5.5,"2021-22"
"144","Bojan Bogdanović","UTA","SF",69,30.9,18.1,4.3,1.7,6.2,13.4,45.5,2.6,6.8,"2021-22"
"145","Donovan Mitchell","UTA","SG",67,33.8,25.9,4.2,5.3,9.1,20.5,44.8,3.5,9.8,"2021-22"
"146","Kristaps Porziņģis","WAS","C",51,29.1,20.2,8.1,2.3,7,14.5,48.5,1.6,4.8,"2021-22"
"147","Rui Hachimura","WAS","PF",42,22.5,11.3,3.8,1.1,4.4,8.8,49.1,1.2,2.5,"2021-22"
"148","Spencer Dinwiddie","WAS","PG",67,30.2,13.7,4.2,5.2,4.4,11.2,39.3,1.7,5.2,"2021-22"
"149","Kyle Kuzma","WAS","SF",66,33.4,17.1,8.5,3.5,6.5,15,45.2,2,6.2,"2021-22"
"150","Bradley Beal","WAS","SG",40,36,23.2,4.7,6.6,8.4,18.3,45.1,1.6,5.3,"2021-22"
"151","Trae Young","ATL","PG",73,34.8,26.2,3,10.2,8.3,20.3,41,2.1,7,"2022-23"
"152","Dejounte Murray","ATL","SG",74,36.4,20.5,5.3,6.1,8.1,17.6,46,1.8,5,"2022-23"
"153","De'Andre Hunter","ATL","SF",67,31.7,15.4,4.2,1.4,5.7,12.3,46.3,1.5,4.5,"2022-23"
"154","John Collins","ATL","PF",71,30,13.1,6.5,1.2,5,10.5,47.6,1,3.3,"2022-23"
"155","Clint Capela","ATL","C",65,26.6,12,11,0.9,5.3,8,66,0,0,"2022-23"
"156","Marcus Smart","BOS","PG",61,32.1,11.5,3.1,6.3,4,9.7,41.2,1.9,5.6,"2022-23"
"157","Jaylen Brown","BOS","SG",67,35.9,26.6,6.9,3.5,10,20.6,48.6,2.4,7.3,"2022-23"
"158","Jayson Tatum","BOS","SF",74,36.9,30.1,8.8,4.6,10.5,22,47.5,3.2,9.3,"2022-23"
"159","Al Horford","BOS","PF",63,30.5,9.8,6.2,3,3.5,7.3,48,2.3,5.5,"2022-23"
"160","Robert Williams III","BOS","C",35,23.5,8,8.3,1.4,3.4,5,68,0,0,"2022-23"
"161","Kyrie Irving","BKN","PG",60,37.2,27.1,5.1,5.5,9.6,20.2,47.5,3.3,8.3,"2022-23"
"162","Seth Curry","BKN","SG",42,19.9,9.2,1.6,1.6,3.3,7.3,45.2,1.8,4.4,"2022-23"
"163","Kevin Durant","BKN","SF",47,35.7,29.1,6.7,5,10,17.2,51.8,1.8,5,"2022-23"
"164","Royce O'Neale","BKN","PF",53,31,8.8,5.1,3.7,3,7.1,42.3,2.1,5.5,"2022-23"
"165","Nic Claxton","BKN","C",76,29.9,12.6,9.2,1.9,5.5,7,70.5,0,0,"2022-23"
"166","LaMelo Ball","CHA","PG",36,35.2,23.3,6.4,8.4,8,19.4,41.1,4,11.5,"2022-23"
"167","Terry Rozier","CHA","SG",63,35.3,21.1,4.1,5.1,7.8,18.9,41.5,2.6,8,"2022-23"
"168","Gordon Hayward","CHA","SF",50,31.5,14.7,4.3,4.1,5.5,11.2,49,1,3,"2022-23"
"169","P.J. Washington","CHA","PF",73,32.6,15.7,4.9,2.4,6,13.4,44.4,2,5.7,"2022-23"
"170","Mason Plumlee","CHA","C",79,26.5,10.8,8.9,3.1,4.4,6.8,65,0,0.1,"2022-23"
"171","Ayo Dosunmu","CHI","PG",51,26.2,8.6,2.8,2.6,3.3,7,47.1,0.9,2.6,"2022-23"
"172","Zach LaVine","CHI","SG",77,36,24.8,4.5,4.2,8.6,18.1,47.5,2.6,7.1,"2022-23"
"173","DeMar DeRozan","CHI","SF",74,36.1,24.5,4.6,5.1,8.7,17.3,50.3,0.6,1.9,"2022-23"
"174","Patrick Williams","CHI","PF",65,28.3,10.2,4,1.2,3.7,8,46.3,1.4,3.8,"2022-23"
"175","Nikola Vučević","CHI","C",82,33.5,17.6,11,3.2,7.3,14.1,51.4,1.5,4.2,"2022-23"
"176","Darius Garland","CLE","PG",69,35.5,21.6,2.7,7.8,7.5,16.1,46.2,2.5,6.7,"2022-23"
"177","Donovan Mitchell","CLE","SG",68,35.8,28.3,4.3,4.4,9.9,20.6,48,3.6,9.3,"2022-23"
"178","Caris LeVert","CLE","SF",30,30,12.1,3.8,3.9,4.3,10,43.1,1.6,4.1,"2022-23"
"179","Evan Mobley","CLE","PF",79,34.4,16.2,9,2.8,6.7,12,55.4,0.3,1.3,"2022-23"
"180","Jarrett Allen","CLE","C",68,32.6,14.3,9.8,1.7,5.8,9.3,62.6,0,0.1,"2022-23"
"181","Luka Dončić","DAL","PG",66,36.2,32.4,8.6,8,11.1,22.3,49.8,2.8,8,"2022-23"
"182","Spencer Dinwiddie","DAL","SG",68,34,17.3,3.4,5.8,5.8,13,44.6,2.5,6.5,"2022-23"
"183","Tim Hardaway Jr.","DAL","SF",71,30.3,14.4,3.5,1.8,4.8,12,40,2.9,8,"2022-23"
"184","Dorian Finney-Smith","DAL","PF",65,31.2,8.3,4.6,1.5,2.9,7,41.4,1.9,5.5,"2022-23"
"185","Dwight Powell","DAL","C",76,19.2,6.7,4.1,0.9,2.5,3.8,65.8,0,0.1,"2022-23"
"186","Jamal Murray","DEN","PG",65,32.8,20,4,6.2,7.3,16.1,45.4,2.6,6.5,"2022-23"
"187","Kentavious Caldwell-Pope","DEN","SG",76,31.3,10.8,2.7,2.4,4,8.6,46.2,1.8,4.3,"2022-23"
"188","Michael Porter Jr.","DEN","SF",62,29,17.4,5.5,1,6.7,13.8,48.7,2.5,6,"2022-23"
"189","Aaron Gordon","DEN","PF",68,30.2,16.3,6.6,3,6.1,10.8,56.4,0.9,2.6,"2022-23"
"190","Nikola Jokić","DEN","C",69,33.7,24.5,11.8,9.8,9.3,14.7,63.2,0.9,2.3,"2022-23"
"191","Cade Cunningham","DET","PG",12,33.3,19.9,6.2,6,7.3,18.1,41.5,1.4,5.1,"2022-23"
"192","Jaden Ivey","DET","SG",73,31.1,16.3,3.9,5.2,5.8,13.6,41.6,1.6,5.2,"2022-23"
"193","Bojan Bogdanović","DET","SF",59,32,21.6,3.8,2.6,7.3,14.5,48.8,2.5,6,"2022-23"
"194","Isaiah Stewart","DET","PF",47,28.3,11.3,8.1,1.4,4,9,44.2,1.3,4.1,"2022-23"
"195","Jalen Duren","DET","C",31,24.9,9.1,8.9,1.1,3.8,6,63.9,0,0,"2022-23"
"196","Stephen Curry","GSW","PG",56,34.7,29.4,6.1,6.3,10.2,20.2,49.3,4.9,11.4,"2022-23"
"197","Klay Thompson","GSW","SG",69,33,21.9,4.1,2.4,7.8,18.1,43.6,4.4,10.6,"2022-23"
"198","Andrew Wiggins","GSW","SF",37,32.2,17.1,5,2.3,6.5,14,47.3,2.4,6,"2022-23"
"199","Draymond Green","GSW","PF",73,31.5,8.5,7.2,6.8,3.3,6.4,52.7,0.6,2,"2022-23"
"200","Kevon Looney","GSW","C",82,23.9,7,9.3,2.5,3,4.5,63,0,0,"2022-23"
"201","Kevin Porter Jr.","HOU","PG",59,34.3,19.2,5.3,5.7,6.8,15.3,44.2,2.3,6.6,"2022-23"
"202","Jalen Green","HOU","SG",76,34.2,22.1,3.7,3.7,7.7,18.3,42.7,2.5,7.3,"2022-23"
"203","Eric Gordon","HOU","SF",69,28.5,12.4,2.1,2.7,4.2,9.5,44.6,1.9,5.3,"2022-23"
"204","Jabari Smith Jr.","HOU","PF",79,31,12.8,7.2,1.3,4.7,11.4,40.8,1.6,5.6,"2022-23"
"205","Alperen Şengün","HOU","C",72,28.9,14.8,9,3.9,6,10.2,55.3,0.2,0.7,"2022-23"
"206","Tyrese Haliburton","IND","PG",56,33.6,20.7,3.7,10.4,7.1,14.5,49,2.9,7.2,"2022-23"
"207","Buddy Hield","IND","SG",73,31,16.8,5,2.8,6,13,46,3.6,8.5,"2022-23"
"208","Bennedict Mathurin","IND","SF",17,28.5,16.7,4.1,1.5,5.2,12,43.4,1.3,4.2,"2022-23"
"209","Jalen Smith","IND","PF",31,18.8,9.4,5.8,1,3.5,7.5,46.5,0.8,2.5,"2022-23"
"210","Myles Turner","IND","C",62,29.4,18,7.5,1.4,6.3,11.2,56,1.5,4.2,"2022-23"
"211","Reggie Jackson","LAC","PG",68,25.7,10.2,2.2,3.4,3.7,9.2,40.8,1.5,4.5,"2022-23"
"212","Paul George","LAC","SG",56,34.6,23.8,6.1,5.1,8.1,17.6,45.7,2.8,7.3,"2022-23"
"213","Kawhi Leonard","LAC","SF",52,33.6,23.8,6.5,3.9,8.9,17,51.2,1.9,4.9,"2022-23"
"214","Marcus Morris Sr.","LAC","PF",65,28.1,11.2,4,1.8,4.1,10,41,1.7,5,"2022-23"
"215","Ivica Zubac","LAC","C",76,28.6,10.8,9.9,1,4.3,7,63.4,0,0,"2022-23"
"216","Russell Westbrook","LAL","PG",24,29.1,15.9,5.8,7.5,5.9,13.6,43.6,1.2,3.9,"2022-23"
"217","Patrick Beverley","LAL","SG",54,26.9,6.2,3.7,2.9,2.2,5.6,39.5,1.4,4.1,"2022-23"
"218","Lonnie Walker IV","LAL","SF",32,23.2,11.7,1.9,1.1,4.3,9.5,44.8,1.6,4.2,"2022-23"
"219","LeBron James","LAL","PF",55,35.5,28.9,8.3,6.8,11.1,22.2,50,2.2,6.9,"2022-23"
"220","Anthony Davis","LAL","C",54,34,25.9,12.5,2.6,9.3,16.6,56.3,0.4,1.2,"2022-23"
"221","Ja Morant","MEM","PG",59,31.9,26.2,5.9,8.1,9.1,19.4,46.6,1.5,4.5,"2022-23"
"222","Desmond Bane","MEM","SG",58,31.7,21.5,5,4.4,7.5,15.3,49,2.9,7,"2022-23"
"223","Dillon Brooks","MEM","SF",73,30.3,14.3,3.3,2.6,5.3,13.6,39.6,2,6,"2022-23"
"224","Jaren Jackson Jr.","MEM","PF",63,28.4,18.6,6.8,1,6.5,13.1,49.4,1.6,4.4,"2022-23"
"225","Steven Adams","MEM","C",42,27,8.6,11.5,2.3,3.4,5.8,59.7,0,0.1,"2022-23"
"226","Kyle Lowry","MIA","PG",44,33.3,11.2,4.1,5.1,3.9,9.5,41.2,2,5.8,"2022-23"
"227","Tyler Herro","MIA","SG",67,34.9,20.1,5.4,4.2,7.3,16,45.6,3,7.5,"2022-23"
"228","Jimmy Butler","MIA","SF",64,33.9,22.9,5.9,5.3,7.2,13.6,52.9,0.6,1.6,"2022-23"
"229","Caleb Martin","MIA","PF",49,29.3,9.6,4.8,1.6,3.5,7.5,46.7,1.3,3.5,"2022-23"
"230","Bam Adebayo","MIA","C",75,34.6,20.4,9.2,3.2,8,14.8,54,0,0.1,"2022-23"
"231","Jrue Holiday","MIL","PG",65,33.4,19.3,5.1,7.4,7.2,14.5,49.7,2.4,6.1,"2022-23"
"232","Grayson Allen","MIL","SG",70,27.4,10.1,3.3,2.3,3.5,7.8,44.9,2,5,"2022-23"
"233","Khris Middleton","MIL","SF",33,24.3,15.1,4.2,4.9,5.4,12.1,44,1.8,5,"2022-23"
"234","Giannis Antetokounmpo","MIL","PF",63,32.1,31.1,11.8,5.7,11.3,20.3,55.7,0.7,2.7,"2022-23"
"235","Brook Lopez","MIL","C",78,30.4,15.9,6.7,1.3,5.8,11,52.7,1.7,4.7,"2022-23"
"236","D'Angelo Russell","MIN","PG",71,32.5,17.8,3,6.2,6.4,13.8,46.9,2.7,7,"2022-23"
"237","Anthony Edwards","MIN","SG",79,36,24.6,5.8,4.4,9,20.3,45.9,2.7,7.3,"2022-23"
"238","Jaden McDaniels","MIN","SF",79,30.6,12.1,3.9,1.9,4.7,9,51.7,1.4,3.8,"2022-23"
"239","Karl-Anthony Towns","MIN","PF",29,33,20.8,8.1,4.8,6.8,14,49.5,2.1,5.4,"2022-23"
"240","Rudy Gobert","MIN","C",70,30.7,13.4,11.6,1.2,5,7.7,65.9,0,0,"2022-23"
"241","CJ McCollum","NOP","PG",75,35.3,20.9,4.4,5.7,7.6,17.3,43.7,2.9,8.4,"2022-23"
"242","Brandon Ingram","NOP","SG",45,34.2,24.7,5.5,5.8,9,18.1,49.1,1.4,4.1,"2022-23"
"243","Herbert Jones","NOP","SF",66,29.7,9.8,4.1,2.5,3.6,7.6,46.9,0.9,2.8,"2022-23"
"244","Zion Williamson","NOP","PF",29,33,26,7,4.6,9.5,15.6,60.8,0.2,0.6,"2022-23"
"245","Jonas Valančiūnas","NOP","C",79,24.9,14.1,10.2,1.8,5.5,9.8,55,0.4,1.3,"2022-23"
"246","Jalen Brunson","NYK","PG",68,35,24,3.5,6.2,8.6,17.6,49.1,2,4.7,"2022-23"
"247","Quentin Grimes","NYK","SG",66,29.9,11.3,3.2,2.1,4.1,9,45.9,2.2,5.7,"2022-23"
"248","RJ Barrett","NYK","SF",73,33.9,19.6,5,2.8,6.8,16,42.6,1.7,5.2,"2022-23"
"249","Julius Randle","NYK","PF",77,35.5,25.1,10,4.1,8.7,19.4,44.8,2.8,8.3,"2022-23"
"250","Mitchell Robinson","NYK","C",58,27,7.4,9.4,0.9,3.2,4.3,67.1,0,0,"2022-23"
"251","Shai Gilgeous-Alexander","OKC","PG",68,35.5,31.4,4.8,5.5,10.7,20.3,52.6,1,2.5,"2022-23"
"252","Josh Giddey","OKC","SG",76,31.1,16.6,7.9,6.2,6.5,13.8,47.6,1,3.5,"2022-23"
"253","Luguentz Dort","OKC","SF",74,30.7,13.7,4.6,2.1,4.5,11.5,39.1,1.8,5.7,"2022-23"
"254","Jalen Williams","OKC","PF",75,30.3,14.1,4.5,3.3,5.5,10.2,52.1,1.4,3.4,"2022-23"
"255","Jeremiah Robinson-Earl","OKC","C",43,18.9,6.8,4.2,0.9,2.6,6,43.2,0.9,2.7,"2022-23"
"256","Markelle Fultz","ORL","PG",60,29.6,14,3.9,5.7,5.8,11.3,51.4,0.4,1.4,"2022-23"
"257","Jalen Suggs","ORL","SG",53,23.5,9.9,3,2.9,3.5,8.4,41.9,1.2,3.8,"2022-23"
"258","Franz Wagner","ORL","SF",80,32.6,18.6,4.1,3.5,6.7,14,48.5,1.6,4.5,"2022-23"
"259","Paolo Banchero","ORL","PF",72,33.8,20,6.9,3.7,6.5,15.3,42.7,1.2,4,"2022-23"
"260","Wendell Carter Jr.","ORL","C",57,29.9,15.2,8.7,2.3,5.6,11,50.3,1.4,3.9,"2022-23"
"261","James Harden","PHI","PG",58,36.8,21,6.1,10.7,6.5,14.9,43.6,2.8,7.3,"2022-23"
"262","Tyrese Maxey","PHI","SG",60,33.6,20.3,2.9,3.5,7.2,15.3,47.3,2.7,6.2,"2022-23"
"263","Tobias Harris","PHI","SF",74,32.9,14.7,5.7,2.5,5.6,11.5,48.7,1.7,4.4,"2022-23"
"264","P.J. Tucker","PHI","PF",75,25.6,3.5,3.9,0.8,1.3,3,42.7,0.9,2.3,"2022-23"
"265","Joel Embiid","PHI","C",66,34.6,33.1,10.2,4.2,11.5,20,54.8,1,3,"2022-23"
"266","Chris Paul","PHO","PG",59,32,13.9,4.3,8.9,5.1,11,46.4,1.7,4.3,"2022-23"
"267","Devin Booker","PHO","SG",53,34.6,27.8,4.5,5.5,10,20.2,49.4,2.1,5.5,"2022-23"
"268","Mikal Bridges","PHO","SF",82,35.6,20.1,4.4,3.3,7.3,14.5,50.1,2,5,"2022-23"
"269","Cameron Johnson","PHO","PF",42,24.9,13.9,3.5,1.5,4.8,10,47,2.5,6,"2022-23"
"270","Deandre Ayton","PHO","C",67,30.4,18,10,1.7,8.1,13.5,59,0.1,0.2,"2022-23"
"271","Damian Lillard","POR","PG",58,36.3,32.2,4.8,7.3,9.8,20.7,47.2,4.2,11.3,"2022-23"
"272","Anfernee Simons","POR","SG",62,35,21.1,2.6,4.1,7.6,17.6,43.7,3.4,9.1,"2022-23"
"273","Josh Hart","POR","SF",51,33.4,9.5,8.2,3.9,3.7,7.3,50.4,0.8,2.6,"2022-23"
"274","Jerami Grant","POR","PF",63,35.7,20.5,4.5,2.4,7,14.6,47.5,2.3,6.1,"2022-23"
"275","Jusuf Nurkić","POR","C",52,26.8,13.3,9.1,2.9,5,10,51.9,0.8,2.5,"2022-23"
"276","De'Aaron Fox","SAC","PG",73,33.4,25,4.2,6.1,9.3,18.2,51.1,1.6,4.9,"2022-23"
"277","Kevin Huerter","SAC","SG",75,29.4,15.2,3.3,2.9,5.5,11.2,49.1,2.7,6.8,"2022-23"
"278","Harrison Barnes","SAC","SF",82,32.5,15,4.5,1.6,4.8,10.2,47.3,1.6,4.5,"2022-23"
"279","Keegan Murray","SAC","PF",80,29.8,12.2,4.6,1.2,4.3,9.7,44.6,2.6,6.3,"2022-23"
"280","Domantas Sabonis","SAC","C",79,34.6,19.1,12.3,7.3,7.3,11.8,62,0.4,1.1,"2022-23"
"281","Tre Jones","SAS","PG",68,29.2,12.9,3.6,6.6,5.1,11.2,45.9,0.6,2,"2022-23"
"282","Devin Vassell","SAS","SG",38,31,18.5,3.9,3.6,6.7,15.2,43.9,2.7,7,"2022-23"
"283","Keldon Johnson","SAS","SF",63,32.7,22,5,2.9,8.3,18.4,45.2,2.1,6,"2022-23"
"284","Jeremy Sochan","SAS","PF",56,26,11,5.3,2.5,4.3,9.5,45.3,0.6,2,"2022-23"
"285","Jakob Poeltl","SAS","C",72,26.5,12.5,9.1,2.7,5.5,8.8,62.9,0,0,"2022-23"
"286","Fred VanVleet","TOR","PG",69,36.7,19.3,4.1,7.2,6.3,16.1,39.3,3,8.8,"2022-23"
"287","Gary Trent Jr.","TOR","SG",66,32.1,17.4,2.6,1.6,6.2,14.1,43.3,2.5,7,"2022-23"
"288","OG Anunoby","TOR","SF",67,35.6,16.8,5,2,6.3,13,48,2.1,5.5,"2022-23"
"289","Scottie Barnes","TOR","PF",77,34.8,15.3,6.6,4.8,5.9,13.1,45.6,1.1,3.7,"2022-23"
"290","Pascal Siakam","TOR","C",71,37.4,24.2,7.8,5.8,8.9,19,46.4,1.3,4.1,"2022-23"
"291","Mike Conley","UTA","PG",67,30.3,11.9,2.7,6.7,4,9.3,43,1.9,5,"2022-23"
"292","Jordan Clarkson","UTA","SG",61,32.6,20.8,4,4.4,7.5,17.3,43.6,2.5,7.3,"2022-23"
"293","Lauri Markkanen","UTA","SF/PF",66,34.4,25.6,8.6,1.9,8.7,17.3,50,3,7.7,"2022-23"
"294","Jarred Vanderbilt","UTA","PF",78,24,7.9,7.5,2.4,3.1,5.6,54.8,0.5,1.5,"2022-23"
"295","Kelly Olynyk","UTA","C",68,28.6,12.5,6.2,3.7,4.3,8.5,50,1.4,3.8,"2022-23"
"296","Monte Morris","WAS","PG",62,27.3,10.3,3.4,5.3,4,8.7,46.4,1.3,3.2,"2022-23"
"297","Bradley Beal","WAS","SG",50,33.5,23.2,3.9,5.4,8.8,17.6,50.6,1.6,4.2,"2022-23"
"298","Deni Avdija","WAS","SF",76,26.6,9.2,6.4,2.8,3.3,7.8,42.7,0.9,3,"2022-23"
"299","Kyle Kuzma","WAS","PF",64,35,21.2,7.2,3.7,7.9,17.8,44.8,2.5,7.5,"2022-23"
"300","Kristaps Porziņģis","WAS","C",65,32.6,23.2,8.4,2.7,8,16.1,49.8,2.1,5.5,"2022-23"
"301","Clint Capela","ATL","C",73,25.8,11.5,10.6,1.2,4.8,8.5,57.1,0,0,"2023-24"
"302","Dejounte Murray","ATL","SG",78,35.7,22.5,5.3,6.4,8.6,18.8,45.9,2.6,7.1,"2023-24"
"303","Jalen Johnson","ATL","PF",52,33.7,16,8.7,3.6,6.4,12.5,51.1,1.3,3.6,"2023-24"
"304","Saddiq Bey","ATL","SF",51,32.7,13.7,6.5,1.5,4.6,11.1,41.6,1.8,5.7,"2023-24"
"305","Trae Young","ATL","PG",54,36,25.7,2.8,10.8,8,18.7,43,3.2,8.7,"2023-24"
"306","Derrick White","BOS","SG",73,32.6,15.2,4.2,5.2,5.3,11.5,46.1,2.7,6.8,"2023-24"
"307","Jaylen Brown","BOS","SF",70,33.5,23,5.5,3.6,9,17.9,49.9,2.1,5.9,"2023-24"
"308","Jayson Tatum","BOS","PF",74,35.7,26.9,8.1,4.9,9.1,19.3,47.1,3.1,8.2,"2023-24"
"309","Jrue Holiday","BOS","PG",69,32.8,12.5,5.4,4.8,4.8,10,48,2,4.7,"2023-24"
"310","Kristaps Porziņģis","BOS","C",57,29.6,20.1,7.2,2,6.8,13.2,51.6,1.9,5.1,"2023-24"
"311","Cam Thomas","BKN","SG",51,31.4,22.5,3.2,2.9,8,18,44.2,2.2,6,"2023-24"
"312","Dorian Finney-Smith","BKN","PF",56,28.4,8.5,4.7,1.6,3.2,7.5,42.1,1.7,4.9,"2023-24"
"313","Mikal Bridges","BKN","SF",82,34.8,19.6,4.5,3.6,6.9,15.8,43.6,2.7,7.2,"2023-24"
"314","Nic Claxton","BKN","C",71,29.8,11.8,9.9,2.1,5.2,8.2,62.9,0,0.1,"2023-24"
"315","Spencer Dinwiddie","BKN","PG",48,30.7,12.6,3.3,6,4.1,10.4,39.1,1.9,5.8,"2023-24"
"316","Brandon Miller","CHA","SF",68,32.2,17.3,4.3,2.4,6.4,14.6,44,2.5,6.7,"2023-24"
"317","Miles Bridges","CHA","SF",67,37.4,21,7.3,3.3,8.1,17.5,46.2,2.3,6.5,"2023-24"
"318","Nick Richards","CHA","C",51,26.3,9.7,8,0.8,3.9,5.6,69.1,0,0,"2023-24"
"319","P.J. Washington Jr.","CHA","PF",73,30.4,12.9,5.6,1.9,4.8,11.1,43.6,1.8,5.7,"2023-24"
"320","Terry Rozier","CHA","SG",61,33.4,19.8,4,5.6,7.2,16.4,44.3,2.4,6.7,"2023-24"
"321","Tre Mann","CHA","PG",28,31,11.9,4.5,5.2,4.5,9.9,45.3,1.4,3.8,"2023-24"
"322","Alex Caruso","CHI","SG",57,28.7,10.1,3.8,3.5,3.6,7.6,46.8,1.9,4.7,"2023-24"
"323","Coby White","CHI","PG",78,36.5,19.1,4.5,5.1,6.8,15.3,44.7,2.6,7,"2023-24"
"324","DeMar DeRozan","CHI","SF",79,37.8,24,4.3,5.3,8.2,17.2,48,0.9,2.8,"2023-24"
"325","Nikola Vučević","CHI","C",74,34.3,18,10.5,3.3,7.7,15.9,48.4,1.2,4.1,"2023-24"
"326","Patrick Williams","CHI","PF",43,27.3,10,3.9,1.5,3.7,8.3,44.3,1.4,3.4,"2023-24"
"327","Darius Garland","CLE","PG",57,33.4,18,2.7,6.5,6.6,14.8,44.6,2.3,6.2,"2023-24"
"328","Donovan Mitchell","CLE","SG",55,35.3,26.6,5.1,6.1,9.1,19.8,46.2,3.3,9,"2023-24"
"329","Evan Mobley","CLE","PF",50,30.6,15.7,9.4,3.2,6.4,11,58,0.4,1.2,"2023-24"
"330","Jarrett Allen","CLE","C",77,31.7,16.5,10.5,2.7,6.7,10.6,63.4,0,0.1,"2023-24"
"331","Max Strus","CLE","SF",70,32,12.2,4.8,4,4.3,10.4,41.8,2.4,6.8,"2023-24"
"332","Dereck Lively II","DAL","C",42,23.5,8.8,6.9,1.1,4,5.4,74.7,0,0,"2023-24"
"333","Derrick Jones Jr.","DAL","SF",66,23.5,8.6,3.3,1,3.1,6.5,48.3,1.1,3.1,"2023-24"
"334","Grant Williams","DAL","PF",38,27.6,10.1,4.1,2,3.7,8.3,45,1.4,3.4,"2023-24"
"335","Kyrie Irving","DAL","SG",58,35,25.6,5,5.2,9.7,19.5,49.7,3,7.3,"2023-24"
"336","Luka Dončić","DAL","PG",70,37.5,33.9,9.2,9.8,11.5,23.6,48.7,4.1,10.6,"2023-24"
"337","Aaron Gordon","DEN","PF",73,31.5,13.9,6.5,3.5,5.5,9.8,55.6,0.5,1.9,"2023-24"
"338","Jamal Murray","DEN","PG",59,31.5,21.2,4.1,6.5,8,16.7,48.1,2.5,5.8,"2023-24"
"339","Kentavious Caldwell-Pope","DEN","SG",76,31.6,10.1,2.4,2.4,3.6,7.7,46,1.6,4.1,"2023-24"
"340","Michael Porter Jr.","DEN","SF",81,31.7,16.7,7,1.5,6.4,13.3,48.4,2.7,6.8,"2023-24"
"341","Nikola Jokić","DEN","C",79,34.6,26.4,12.4,9,10.4,17.9,58.3,1.1,2.9,"2023-24"
"342","Ausar Thompson","DET","SF",63,31,8.8,6.4,1.9,3.7,7.6,48.3,0.3,1.6,"2023-24"
"343","Cade Cunningham","DET","PG",62,33.5,22.7,4.3,7.5,8.5,18.8,44.9,1.9,5.4,"2023-24"
"344","Jaden Ivey","DET","SG",61,28.8,15.4,3.4,3.8,5.4,12.6,42.9,1.6,4.8,"2023-24"
"345","Jalen Duren","DET","C",60,29.1,13.8,11.6,2.4,5.7,9.2,61.9,0,0.1,"2023-24"
"346","Isaiah Stewart","DET","PF",45,30.9,10.9,6.6,1.6,4,8.3,48.7,1.5,3.8,"2023-24"
"347","Andrew Wiggins","GSW","SF",59,27,13.2,4.5,1.7,5,11,45.3,1.3,3.6,"2023-24"
"348","Brandin Podziemski","GSW","SG",28,26.6,9.2,5.8,3.7,3.7,8.1,45.4,1.2,3.2,"2023-24"
"349","Jonathan Kuminga","GSW","PF",46,26.3,16.1,4.8,2.2,6.2,11.6,52.9,0.7,2.2,"2023-24"
"350","Klay Thompson","GSW","SF",63,29.7,17.9,3.3,2.3,6.4,14.7,43.2,3.5,9,"2023-24"
"351","Kevon Looney","GSW","C",36,16.1,4.5,5.7,1.8,1.9,3.1,59.7,0,0,"2023-24"
"352","Stephen Curry","GSW","PG",74,32.7,26.4,4.5,5.1,8.8,19.5,45,4.8,11.8,"2023-24"
"353","Alperen Şengün","HOU","C",63,32.5,21.1,9.3,5,8.4,15.6,53.7,0.5,1.8,"2023-24"
"354","Dillon Brooks","HOU","SF",72,30.9,23.7,3.4,1.7,4.6,10.7,42.8,1.8,5.1,"2023-24"
"355","Fred VanVleet","HOU","PG",73,36.8,17.4,3.8,8.1,5.8,13.9,41.6,3.1,8,"2023-24"
"356","Jabari Smith Jr.","HOU","PF",76,31.9,13.7,8.1,1.6,5,11,45.4,1.8,5,"2023-24"
"357","Jalen Green","HOU","SG",82,31.7,19.6,5.2,3.5,6.9,16.2,42.3,2.5,7.4,"2023-24"
"358","Aaron Nesmith","IND","SF",47,27.7,12.2,3.8,1.5,4.4,8.8,49.6,1.9,4.6,"2023-24"
"359","Bruce Brown","IND","SG",67,27.9,10.8,4.2,2.9,4.1,8.7,47.8,0.8,2.4,"2023-24"
"360","Myles Turner","IND","C",77,27,17.1,6.9,1.3,6.2,11.8,52.4,1.5,4.2,"2023-24"
"361","Pascal Siakam","IND","PF",80,33.2,21.7,7.1,4.3,8.5,15.9,53.6,1.1,3.1,"2023-24"
"362","Tyrese Haliburton","IND","PG",68,32.2,20.1,3.9,10.9,7.2,15.2,47.7,2.8,7.8,"2023-24"
"363","Ivica Zubac","LAC","C",68,26.4,11.7,9.2,1.4,5,7.6,64.9,0,0,"2023-24"
"364","James Harden","LAC","PG",72,34.3,16.6,5.1,8.5,4.9,11.4,42.8,2.6,6.8,"2023-24"
"365","Kawhi Leonard","LAC","SF",68,34.3,23.7,6.1,3.6,9,17.1,52.5,2.1,4.9,"2023-24"
"366","Paul George","LAC","PF",74,33.8,22.6,5.2,3.5,7.9,16.7,47.1,3.3,7.9,"2023-24"
"367","Terance Mann","LAC","SG",71,25,8.8,3.4,1.6,3.4,6.6,51.5,0.9,2.7,"2023-24"
"368","Austin Reaves","LAL","SG",57,32.1,15.9,4.3,5.5,5.6,11.5,48.6,1.9,5.1,"2023-24"
"369","Anthony Davis","LAL","C",76,35.5,24.7,12.6,3.5,9.4,16.9,55.6,0.4,1.4,"2023-24"
"370","Cam Reddish","LAL","SF",26,20.5,5.4,2.1,1,1.9,4.9,38.9,0.8,2.3,"2023-24"
"371","D'Angelo Russell","LAL","PG",69,32.7,18,3.1,6.3,6.5,14.2,45.6,3,7.2,"2023-24"
"372","LeBron James","LAL","PF",71,35.3,25.7,7.3,8.3,9.6,17.9,54,2.1,5.1,"2023-24"
"373","Desmond Bane","MEM","SG",42,34.4,23.7,4.4,5.5,8.6,18.5,46.4,3.3,8.6,"2023-24"
"374","Jaren Jackson Jr.","MEM","C",66,32.2,22.5,5.5,2.3,7.8,17.6,44.4,1.8,5.5,"2023-24"
"375","John Konchar","MEM","SF",15,21.3,4.3,4.7,2,1.6,3.8,42.3,0.7,2.2,"2023-24"
"376","Marcus Smart","MEM","PG",20,30.3,14.5,2.7,4.3,5.1,11.9,43,2.1,6.7,"2023-24"
"377","Santi Aldama","MEM","PF",35,26.5,10.7,5.8,2.3,4,9.3,43.5,1.7,5,"2023-24"
"378","Bam Adebayo","MIA","C",71,34,19.3,10.4,3.9,7.5,14.3,52.1,0.2,0.6,"2023-24"
"379","Duncan Robinson","MIA","SF",36,28,12.9,2.5,2.8,4.5,9.9,45,2.8,7,"2023-24"
"380","Kyle Lowry","MIA","PG",35,28,8.2,3.5,4,2.8,6.5,42.6,1.7,4.4,"2023-24"
"381","Jimmy Butler","MIA","PF",60,34,20.8,5.3,5,6.6,13.2,49.9,1,2.4,"2023-24"
"382","Tyler Herro","MIA","SG",40,33.5,20.8,5.3,4.5,7.7,17.5,44.1,3.1,7.9,"2023-24"
"383","Brook Lopez","MIL","C",79,30.5,12.5,5.2,1.6,4.6,9.6,48.5,1.9,5.1,"2023-24"
"384","Damian Lillard","MIL","PG",73,35.3,24.3,4.4,7,7.4,17.5,42.4,3,8.5,"2023-24"
"385","Giannis Antetokounmpo","MIL","PF",73,35.2,30.4,11.5,6.5,11.5,18.8,61.1,0.5,1.7,"2023-24"
"386","Khris Middleton","MIL","SF",55,27,15.1,4.7,5.3,5.8,11.7,49.3,1.7,4.5,"2023-24"
"387","Malik Beasley","MIL","SG",77,29.6,11.3,3.7,1.4,4.1,9.1,44.3,2.8,6.9,"2023-24"
"388","Anthony Edwards","MIN","SG",78,35.1,25.9,5.4,5.1,9.1,19.7,46.1,2.4,6.7,"2023-24"
"389","Jaden McDaniels","MIN","SF",71,29.2,10.5,3.1,1.4,4.3,8.7,48.9,1.2,3.5,"2023-24"
"390","Karl-Anthony Towns","MIN","PF",62,32.7,21.8,8.3,3,7.7,15.3,50.4,2.2,5.3,"2023-24"
"391","Mike Conley","MIN","PG",76,28.9,11.4,2.9,5.9,3.9,8.5,45.7,2.4,5.3,"2023-24"
"392","Rudy Gobert","MIN","C",76,34.1,14,12.9,1.3,5.3,8.1,66.2,0,0,"2023-24"
"393","Brandon Ingram","NOP","SF",64,32.9,20.8,5.1,5.7,7.8,15.9,49.2,1.3,3.8,"2023-24"
"394","CJ McCollum","NOP","PG",66,32.7,20,4.3,4.6,7.3,16,45.9,3.6,8.4,"2023-24"
"395","Jonas Valančiūnas","NOP","C",82,23.5,12.2,8.8,2.1,4.9,8.8,55.9,0.5,1.5,"2023-24"
"396","Herbert Jones","NOP","SF",76,30.5,11,3.6,2.6,3.9,7.7,49.8,1.5,3.6,"2023-24"
"397","Zion Williamson","NOP","PF",70,31.5,22.9,5.8,5,8.9,15.6,57,0.1,0.3,"2023-24"
"398","Donte DiVincenzo","NYK","SG",63,29.1,15.5,3.7,2.7,5.5,12.4,44.3,3.5,8.7,"2023-24"
"399","Isaiah Hartenstein","NYK","C",49,25.3,7.8,8.3,2.5,3.1,4.9,64.4,0,0,"2023-24"
"400","Jalen Brunson","NYK","PG",77,35.4,28.7,3.6,6.7,10.3,21.4,47.9,2.7,6.8,"2023-24"
"401","Josh Hart","NYK","SF",42,33.4,9.4,8.3,4.1,3.6,8.4,43.4,1,3.2,"2023-24"
"402","Julius Randle","NYK","PF",46,35.4,24,9.2,5,8.6,18.2,47.2,1.7,5.3,"2023-24"
"403","Chet Holmgren","OKC","C",82,29.4,16.5,7.9,2.4,6.2,11.6,53,1.6,4.3,"2023-24"
"404","Jalen Williams","OKC","PF",71,31.3,19.1,4,4.5,7.5,14,54,1.5,3.4,"2023-24"
"405","Josh Giddey","OKC","SG",80,25.2,12.3,6.4,4.8,5,10.6,47.5,1,3,"2023-24"
"406","Luguentz Dort","OKC","SF",79,28.4,10.9,3.6,1.4,3.6,8.3,43.8,2,5,"2023-24"
"407","Shai Gilgeous-Alexander","OKC","PG",75,34,30.1,5.5,6.2,10.6,19.8,53.5,1.3,3.6,"2023-24"
"408","Anthony Black","ORL","PG",33,16.9,4.6,2,1.3,1.7,3.6,46.6,0.5,1.4,"2023-24"
"409","Franz Wagner","ORL","SF",72,32.5,19.7,5.3,3.7,7.3,15.2,48.2,1.3,4.6,"2023-24"
"410","Jalen Suggs","ORL","SG",75,27,12.6,3.1,2.7,4.5,9.5,47.1,2,5.1,"2023-24"
"411","Paolo Banchero","ORL","PF",80,35,22.6,6.9,5.4,8,17.6,45.5,1.5,4.4,"2023-24"
"412","Wendell Carter Jr.","ORL","C",48,25.6,11,6.9,1.7,4.1,7.7,52.5,1.2,3.1,"2023-24"
"413","De'Anthony Melton","PHI","SG",33,26.9,11.1,3.7,3,3.7,9.5,38.6,2,5.6,"2023-24"
"414","Kelly Oubre Jr.","PHI","SF",52,30.2,15.4,5,1.5,5.7,12.9,44.1,1.5,4.8,"2023-24"
"415","Joel Embiid","PHI","C",39,33.6,34.7,11,5.6,11.5,21.8,52.9,1.4,3.6,"2023-24"
"416","Tobias Harris","PHI","PF",70,33.8,17.2,6.5,3.1,6.6,13.6,48.7,1.3,3.7,"2023-24"
"417","Tyrese Maxey","PHI","PG",70,37.5,25.9,3.7,6.2,9,20,45,2.8,7.5,"2023-24"
"418","Bradley Beal","PHO","SG",53,33.3,18.2,4.4,5,7.1,13.9,51.3,1.9,4.4,"2023-24"
"419","Devin Booker","PHO","PG",68,36,27.1,4.5,6.9,9.4,19.2,49.2,2.2,6.1,"2023-24"
"420","Grayson Allen","PHO","SG",74,33.5,13.5,3.9,3,4.5,9.1,49.9,2.7,5.9,"2023-24"
"421","Kevin Durant","PHO","PF",75,37.2,27.1,6.6,5,10,19.2,52.3,2.2,5.4,"2023-24"
"422","Jusuf Nurkić","PHO","C",76,27.3,10.9,11,4,4.2,8.3,51,0.3,1.2,"2023-24"
"423","Anfernee Simons","POR","SG",46,34.4,22.6,3.6,5.5,7.8,18.2,43,3.4,8.8,"2023-24"
"424","Deandre Ayton","POR","C",55,32.4,16.7,11.1,1.6,7.8,13.6,57,0,0.2,"2023-24"
"425","Jabari Walker","POR","SF",23,23.6,8.9,7.1,1,3.3,7.1,46,0.6,1.9,"2023-24"
"426","Jerami Grant","POR","PF",54,33.9,21,3.5,2.8,7.1,15.7,45.1,2.1,5.1,"2023-24"
"427","Scoot Henderson","POR","PG",32,28.5,14,3.1,5.4,5,12.9,38.5,1.4,4.3,"2023-24"
"428","De'Aaron Fox","SAC","PG",74,35.9,26.6,4.6,5.6,9.7,20.9,46.5,2.9,7.8,"2023-24"
"429","Domantas Sabonis","SAC","C",82,35.7,19.4,13.7,8.2,7.7,13,59.4,0.4,1.1,"2023-24"
"430","Harrison Barnes","SAC","PF",82,29,12.2,3,1.2,4.2,8.9,47.4,1.8,4.7,"2023-24"
"431","Keegan Murray","SAC","SF",77,33.6,15.2,5.5,1.7,5.8,12.7,45.4,2.4,6.6,"2023-24"
"432","Kevin Huerter","SAC","SG",64,24.4,10.2,3.5,2.6,3.9,8.8,44.3,1.9,5.3,"2023-24"
"433","Devin Vassell","SAS","SG",62,33.1,19.5,3.8,4.1,7.3,15.5,47.2,2.4,6.6,"2023-24"
"434","Jeremy Sochan","SAS","PF",73,29.6,11.6,6.4,3.4,4.6,10.5,43.8,0.9,3.1,"2023-24"
"435","Julian Champagnie","SAS","SF",59,19.8,6.8,2.8,1.4,2.2,5.4,40.8,1.4,3.7,"2023-24"
"436","Tre Jones","SAS","PG",65,29.2,11.3,3.5,6,4.2,9.5,44.2,0.8,2.4,"2023-24"
"437","Victor Wembanyama","SAS","C",71,29.7,21.4,10.6,3.9,7.8,16.7,46.5,1.8,5.5,"2023-24"
"438","Immanuel Quickley","TOR","PG",68,29.2,17,3.8,4.9,5.7,13.1,43.4,2.5,6.4,"2023-24"
"439","Jakob Poeltl","TOR","C",50,26.4,11.1,8.6,2.5,5,7.6,65.6,0,0,"2023-24"
"440","OG Anunoby","TOR","SF",27,33.3,15.1,3.9,2.7,5.8,11.9,48.9,2.3,6,"2023-24"
"441","Pascal Siakam","TOR","PF",80,33.2,21.7,7.1,4.3,8.5,15.9,53.6,1.1,3.1,"2023-24"
"442","Scottie Barnes","TOR","SG",60,34.9,19.9,8.2,6.1,7.5,15.7,47.5,1.7,4.9,"2023-24"
"443","Collin Sexton","UTA","SG",51,26.6,18.7,2.6,4.9,6.5,13.3,48.7,1.6,4.2,"2023-24"
"444","John Collins","UTA","PF",66,28,15.1,8.5,1.1,5.8,11,53.2,1.3,3.4,"2023-24"
"445","Kevonte George","UTA","PG",51,26.6,18.7,2.6,4.9,6.5,13.3,48.7,1.6,4.2,"2023-24"
"446","Lauri Markkanen","UTA","PF",55,33.1,23.2,8.2,2,7.8,16.2,48,3.2,8,"2023-24"
"447","Simone Fontecchio","UTA","SF",43,24.9,10.5,3.7,1.5,3.7,8,46,2,5,"2023-24"
"448","Walker Kessler","UTA","C",40,23.3,8.1,7.5,0.9,3.6,5.5,65.4,0.1,0.3,"2023-24"
"449","Daniel Gafford","WAS","C",50,21,12.3,6.7,1.2,5.5,7.6,72.5,0,0,"2023-24"
"450","Deni Avdija","WAS","SF",82,30.1,14.7,7.2,3.8,5.4,10.7,50.6,1.2,3.1,"2023-24"
"451","Jordan Poole","WAS","SG",78,30.1,17.4,2.7,4.4,6.3,15.2,41.3,2.4,7.2,"2023-24"
"452","Kyle Kuzma","WAS","PF",70,32.6,22.2,6.6,4.2,8.7,18.8,46.3,2.2,6.4,"2023-24"
"453","Tyus Jones","WAS","PG",66,29.3,12,2.7,7.3,4.9,10.1,48.9,1.6,3.9,"2023-24"
